<?xml version="1.0" encoding="utf-8"?>
<report-database>
 <description>pin_label_purposes_overlapping_drawing.rb.drc, input=integrator.gds, topcell=</description>
 <original-file/>
 <generator>drc: script='/foss/pdks/sky130A/libs.tech/klayout/drc/pin_label_purposes_overlapping_drawing.rb.drc'</generator>
 <top-cell>integrator</top-cell>
 <tags>
 </tags>
 <categories>
 </categories>
 <cells>
  <cell>
   <name>integrator</name>
   <variant/>
   <references>
   </references>
  </cell>
 </cells>
 <items>
 </items>
</report-database>
