<?xml version="1.0" encoding="utf-8"?>
<report-database>
 <description>SKY130 DRC runset</description>
 <original-file/>
 <generator>drc: script='/foss/pdks/sky130A/libs.tech/klayout/drc/sky130A_mr.drc'</generator>
 <top-cell>diode_biases</top-cell>
 <tags>
 </tags>
 <categories>
  <category>
   <name>dnwell.2</name>
   <description>dnwell.2 : min. dnwell width : 3.0um</description>
   <categories>
   </categories>
  </category>
  <category>
   <name>nwell.1</name>
   <description>nwell.1 : min. nwell width : 0.84um</description>
   <categories>
   </categories>
  </category>
  <category>
   <name>nwell.2a</name>
   <description>nwell.2a : min. nwell spacing (merged if less) : 1.27um</description>
   <categories>
   </categories>
  </category>
  <category>
   <name>nwell.6</name>
   <description>nwell.6 : min enclosure of nwellHole by dnwell : 1.03um</description>
   <categories>
   </categories>
  </category>
  <category>
   <name>hvtp.1</name>
   <description>hvtp.1 : min. hvtp width : 0.38um</description>
   <categories>
   </categories>
  </category>
  <category>
   <name>hvtp.2</name>
   <description>hvtp.2 : min. hvtp spacing : 0.38um</description>
   <categories>
   </categories>
  </category>
  <category>
   <name>hvtr.1</name>
   <description>hvtr.1 : min. hvtr width : 0.38um</description>
   <categories>
   </categories>
  </category>
  <category>
   <name>hvtr.2</name>
   <description>hvtr.2 : min. hvtr spacing : 0.38um</description>
   <categories>
   </categories>
  </category>
  <category>
   <name>hvtr.2_a</name>
   <description>hvtr.2_a : hvtr must not overlap hvtp</description>
   <categories>
   </categories>
  </category>
  <category>
   <name>lvtn.1a</name>
   <description>lvtn.1a : min. lvtn width : 0.38um</description>
   <categories>
   </categories>
  </category>
  <category>
   <name>lvtn.2</name>
   <description>lvtn.2 : min. lvtn spacing : 0.38um</description>
   <categories>
   </categories>
  </category>
  <category>
   <name>ncm.1</name>
   <description>ncm.1 : min. ncm width : 0.38um</description>
   <categories>
   </categories>
  </category>
  <category>
   <name>ncm.2a</name>
   <description>ncm.2a : min. ncm spacing : 0.38um</description>
   <categories>
   </categories>
  </category>
  <category>
   <name>difftap.1</name>
   <description>difftap.1 : min. diff width across areaid:ce : 0.15um</description>
   <categories>
   </categories>
  </category>
  <category>
   <name>difftap.1_a</name>
   <description>difftap.1_a : min. diff width in periphery : 0.15um</description>
   <categories>
   </categories>
  </category>
  <category>
   <name>difftap.1_b</name>
   <description>difftap.1_b : min. tap width across areaid:ce : 0.15um</description>
   <categories>
   </categories>
  </category>
  <category>
   <name>difftap.1_c</name>
   <description>difftap.1_c : min. tap width in periphery : 0.15um</description>
   <categories>
   </categories>
  </category>
  <category>
   <name>difftap.3</name>
   <description>difftap.3 : min. difftap spacing : 0.27um</description>
   <categories>
   </categories>
  </category>
  <category>
   <name>tunm.1</name>
   <description>tunm.1 : min. tunm width : 0.41um</description>
   <categories>
   </categories>
  </category>
  <category>
   <name>tunm.2</name>
   <description>tunm.2 : min. tunm spacing : 0.5um</description>
   <categories>
   </categories>
  </category>
  <category>
   <name>poly.1a</name>
   <description>poly.1a : min. poly width : 0.15um</description>
   <categories>
   </categories>
  </category>
  <category>
   <name>poly.2</name>
   <description>poly.2 : min. poly spacing : 0.21um</description>
   <categories>
   </categories>
  </category>
  <category>
   <name>rpm.1a</name>
   <description>rpm.1a : min. rpm width : 1.27um</description>
   <categories>
   </categories>
  </category>
  <category>
   <name>rpm.2</name>
   <description>rpm.2 : min. rpm spacing : 0.84um</description>
   <categories>
   </categories>
  </category>
  <category>
   <name>urpm.1a</name>
   <description>urpm.1a : min. rpm width : 1.27um</description>
   <categories>
   </categories>
  </category>
  <category>
   <name>urpm.2</name>
   <description>urpm.2 : min. rpm spacing : 0.84um</description>
   <categories>
   </categories>
  </category>
  <category>
   <name>npc.1</name>
   <description>npc.1 : min. npc width : 0.27um</description>
   <categories>
   </categories>
  </category>
  <category>
   <name>npc.2</name>
   <description>npc.2 : min. npc spacing, should be manually merged if less than : 0.27um</description>
   <categories>
   </categories>
  </category>
  <category>
   <name>nsd.1</name>
   <description>nsd.1 : min. nsdm width : 0.38um</description>
   <categories>
   </categories>
  </category>
  <category>
   <name>nsd.2</name>
   <description>nsd.2 : min. nsdm spacing, should be manually merged if less than : 0.38um</description>
   <categories>
   </categories>
  </category>
  <category>
   <name>psd.1</name>
   <description>psd.1 : min. psdm width : 0.38um</description>
   <categories>
   </categories>
  </category>
  <category>
   <name>psd.2</name>
   <description>psd.2 : min. psdm spacing, should be manually merged if less than : 0.38um</description>
   <categories>
   </categories>
  </category>
  <category>
   <name>licon.1</name>
   <description>licon.1 : licon should be rectangle</description>
   <categories>
   </categories>
  </category>
  <category>
   <name>licon.1_a/b</name>
   <description>licon.1_a/b : minimum/maximum width of licon : 0.17um</description>
   <categories>
   </categories>
  </category>
  <category>
   <name>licon.13</name>
   <description>licon.13 : min. difftap licon spacing to npc : 0.09um</description>
   <categories>
   </categories>
  </category>
  <category>
   <name>licon.13_a</name>
   <description>licon.13_a : licon of diffTap in periphery must not overlap npc</description>
   <categories>
   </categories>
  </category>
  <category>
   <name>licon.17</name>
   <description>licon.17 : Licons may not overlap both poly and (diff or tap)</description>
   <categories>
   </categories>
  </category>
  <category>
   <name>capm.1</name>
   <description>capm.1 : min. capm width : 1.0um</description>
   <categories>
   </categories>
  </category>
  <category>
   <name>capm.2a</name>
   <description>capm.2a : min. capm spacing : 0.84um</description>
   <categories>
   </categories>
  </category>
  <category>
   <name>capm.2b</name>
   <description>capm.2b : min. capm spacing : 1.2um</description>
   <categories>
   </categories>
  </category>
  <category>
   <name>capm.2b_a</name>
   <description>capm.2b_a : min. spacing of m3_bot_plate : 1.2um</description>
   <categories>
   </categories>
  </category>
  <category>
   <name>capm.3</name>
   <description>capm.3 : min. capm and m3 enclosure of m3 : 0.14um</description>
   <categories>
   </categories>
  </category>
  <category>
   <name>capm.3_a</name>
   <description>capm.3_a : min. m3 enclosure of capm : 0.14um</description>
   <categories>
   </categories>
  </category>
  <category>
   <name>capm.4</name>
   <description>capm.4 : min. capm enclosure of via3 : 0.14um</description>
   <categories>
   </categories>
  </category>
  <category>
   <name>capm.5</name>
   <description>capm.5 : min. capm spacing to via3 : 0.14um</description>
   <categories>
   </categories>
  </category>
  <category>
   <name>capm.11</name>
   <description>capm.11 : Min spacing of capm and met3 not overlapping capm : 0.5um</description>
   <categories>
   </categories>
  </category>
  <category>
   <name>cap2m.1</name>
   <description>cap2m.1 : min. cap2m width : 1.0um</description>
   <categories>
   </categories>
  </category>
  <category>
   <name>cap2m.2a</name>
   <description>cap2m.2a : min. cap2m spacing : 0.84um</description>
   <categories>
   </categories>
  </category>
  <category>
   <name>cap2m.2b</name>
   <description>cap2m.2b : min. cap2m spacing : 1.2um</description>
   <categories>
   </categories>
  </category>
  <category>
   <name>cap2m.2b_a</name>
   <description>cap2m.2b_a : min. spacing of m4_bot_plate : 1.2um</description>
   <categories>
   </categories>
  </category>
  <category>
   <name>cap2m.3</name>
   <description>cap2m.3 : min. m4 enclosure of cap2m : 0.14um</description>
   <categories>
   </categories>
  </category>
  <category>
   <name>cap2m.3_a</name>
   <description>cap2m.3_a : min. m4 enclosure of cap2m : 0.14um</description>
   <categories>
   </categories>
  </category>
  <category>
   <name>cap2m.4</name>
   <description>cap2m.4 : min. cap2m enclosure of via4 : 0.14um</description>
   <categories>
   </categories>
  </category>
  <category>
   <name>cap2m.5</name>
   <description>cap2m.5 : min. cap2m spacing to via4 : 0.14um</description>
   <categories>
   </categories>
  </category>
  <category>
   <name>cap2m.11</name>
   <description>cap2m.11 : Min spacing of cap2m and met4 not overlapping cap2m : 0.5um</description>
   <categories>
   </categories>
  </category>
  <category>
   <name>hvi.1</name>
   <description>hvi.1 : min. hvi width : 0.6um</description>
   <categories>
   </categories>
  </category>
  <category>
   <name>hvi.2a</name>
   <description>hvi.2a : min. hvi spacing : 0.7um</description>
   <categories>
   </categories>
  </category>
  <category>
   <name>hvntm.1</name>
   <description>hvntm.1 : min. hvntm width : 0.7um</description>
   <categories>
   </categories>
  </category>
  <category>
   <name>hvntm.2</name>
   <description>hvntm.2 : min. hvntm spacing : 0.7um</description>
   <categories>
   </categories>
  </category>
  <category>
   <name>dnwell_OFFGRID</name>
   <description>x.1b : OFFGRID vertex on dnwell</description>
   <categories>
   </categories>
  </category>
  <category>
   <name>dnwell_angle</name>
   <description>x.3a : non 45 degree angle dnwell</description>
   <categories>
   </categories>
  </category>
  <category>
   <name>nwell_OFFGRID</name>
   <description>x.1b : OFFGRID vertex on nwell</description>
   <categories>
   </categories>
  </category>
  <category>
   <name>nwell_angle</name>
   <description>x.3a : non 45 degree angle nwell</description>
   <categories>
   </categories>
  </category>
  <category>
   <name>pwbm_OFFGRID</name>
   <description>x.1b : OFFGRID vertex on pwbm</description>
   <categories>
   </categories>
  </category>
  <category>
   <name>pwbm_angle</name>
   <description>x.3a : non 45 degree angle pwbm</description>
   <categories>
   </categories>
  </category>
  <category>
   <name>pwde_OFFGRID</name>
   <description>x.1b : OFFGRID vertex on pwde</description>
   <categories>
   </categories>
  </category>
  <category>
   <name>pwde_angle</name>
   <description>x.3a : non 45 degree angle pwde</description>
   <categories>
   </categories>
  </category>
  <category>
   <name>hvtp_OFFGRID</name>
   <description>x.1b : OFFGRID vertex on hvtp</description>
   <categories>
   </categories>
  </category>
  <category>
   <name>hvtp_angle</name>
   <description>x.3a : non 45 degree angle hvtp</description>
   <categories>
   </categories>
  </category>
  <category>
   <name>hvtr_OFFGRID</name>
   <description>x.1b : OFFGRID vertex on hvtr</description>
   <categories>
   </categories>
  </category>
  <category>
   <name>hvtr_angle</name>
   <description>x.3a : non 45 degree angle hvtr</description>
   <categories>
   </categories>
  </category>
  <category>
   <name>lvtn_OFFGRID</name>
   <description>x.1b : OFFGRID vertex on lvtn</description>
   <categories>
   </categories>
  </category>
  <category>
   <name>lvtn_angle</name>
   <description>x.3a : non 45 degree angle lvtn</description>
   <categories>
   </categories>
  </category>
  <category>
   <name>ncm_OFFGRID</name>
   <description>x.1b : OFFGRID vertex on ncm</description>
   <categories>
   </categories>
  </category>
  <category>
   <name>ncm_angle</name>
   <description>x.3a : non 45 degree angle ncm</description>
   <categories>
   </categories>
  </category>
  <category>
   <name>diff_OFFGRID</name>
   <description>x.1b : OFFGRID vertex on diff</description>
   <categories>
   </categories>
  </category>
  <category>
   <name>tap_OFFGRID</name>
   <description>x.1b : OFFGRID vertex on tap</description>
   <categories>
   </categories>
  </category>
  <category>
   <name>diff_angle</name>
   <description>x.2 : non 90 degree angle diff</description>
   <categories>
   </categories>
  </category>
  <category>
   <name>diff_angle</name>
   <description>x.2c : non 45 degree angle diff</description>
   <categories>
   </categories>
  </category>
  <category>
   <name>tap_angle</name>
   <description>x.2 : non 90 degree angle tap</description>
   <categories>
   </categories>
  </category>
  <category>
   <name>tap_angle</name>
   <description>x.2c : non 45 degree angle tap</description>
   <categories>
   </categories>
  </category>
  <category>
   <name>tunm_OFFGRID</name>
   <description>x.1b : OFFGRID vertex on tunm</description>
   <categories>
   </categories>
  </category>
  <category>
   <name>tunm_angle</name>
   <description>x.3a : non 45 degree angle tunm</description>
   <categories>
   </categories>
  </category>
  <category>
   <name>poly_OFFGRID</name>
   <description>x.1b : OFFGRID vertex on poly</description>
   <categories>
   </categories>
  </category>
  <category>
   <name>poly_angle</name>
   <description>x.2 : non 90 degree angle poly</description>
   <categories>
   </categories>
  </category>
  <category>
   <name>rpm_OFFGRID</name>
   <description>x.1b : OFFGRID vertex on rpm</description>
   <categories>
   </categories>
  </category>
  <category>
   <name>rpm_angle</name>
   <description>x.3a : non 45 degree angle rpm</description>
   <categories>
   </categories>
  </category>
  <category>
   <name>npc_OFFGRID</name>
   <description>x.1b : OFFGRID vertex on npc</description>
   <categories>
   </categories>
  </category>
  <category>
   <name>npc_angle</name>
   <description>x.3a : non 45 degree angle npc</description>
   <categories>
   </categories>
  </category>
  <category>
   <name>nsdm_OFFGRID</name>
   <description>x.1b : OFFGRID vertex on nsdm</description>
   <categories>
   </categories>
  </category>
  <category>
   <name>nsdm_angle</name>
   <description>x.3a : non 45 degree angle nsdm</description>
   <categories>
   </categories>
  </category>
  <category>
   <name>psdm_OFFGRID</name>
   <description>x.1b : OFFGRID vertex on psdm</description>
   <categories>
   </categories>
  </category>
  <category>
   <name>psdm_angle</name>
   <description>x.3a : non 45 degree angle psdm</description>
   <categories>
   </categories>
  </category>
  <category>
   <name>licon_OFFGRID</name>
   <description>x.1b : OFFGRID vertex on licon</description>
   <categories>
   </categories>
  </category>
  <category>
   <name>licon_angle</name>
   <description>x.2 : non 90 degree angle licon</description>
   <categories>
   </categories>
  </category>
  <category>
   <name>li_OFFGRID</name>
   <description>x.1b : OFFGRID vertex on li</description>
   <categories>
   </categories>
  </category>
  <category>
   <name>li_angle</name>
   <description>x.3a : non 45 degree angle li</description>
   <categories>
   </categories>
  </category>
  <category>
   <name>ct_OFFGRID</name>
   <description>x.1b : OFFGRID vertex on mcon</description>
   <categories>
   </categories>
  </category>
  <category>
   <name>ct_angle</name>
   <description>x.2 : non 90 degree angle mcon</description>
   <categories>
   </categories>
  </category>
  <category>
   <name>vpp_OFFGRID</name>
   <description>x.1b : OFFGRID vertex on vpp</description>
   <categories>
   </categories>
  </category>
  <category>
   <name>vpp_angle</name>
   <description>x.3a : non 45 degree angle vpp</description>
   <categories>
   </categories>
  </category>
  <category>
   <name>m1_OFFGRID</name>
   <description>x.1b : OFFGRID vertex on m1</description>
   <categories>
   </categories>
  </category>
  <category>
   <name>m1_angle</name>
   <description>x.3a : non 45 degree angle m1</description>
   <categories>
   </categories>
  </category>
  <category>
   <name>via_OFFGRID</name>
   <description>x.1b : OFFGRID vertex on via</description>
   <categories>
   </categories>
  </category>
  <category>
   <name>via_angle</name>
   <description>x.2 : non 90 degree angle via</description>
   <categories>
   </categories>
  </category>
  <category>
   <name>m2_OFFGRID</name>
   <description>x.1b : OFFGRID vertex on m2</description>
   <categories>
   </categories>
  </category>
  <category>
   <name>m2_angle</name>
   <description>x.3a : non 45 degree angle m2</description>
   <categories>
   </categories>
  </category>
  <category>
   <name>via2_OFFGRID</name>
   <description>x.1b : OFFGRID vertex on via2</description>
   <categories>
   </categories>
  </category>
  <category>
   <name>via2_angle</name>
   <description>x.2 : non 90 degree angle via2</description>
   <categories>
   </categories>
  </category>
  <category>
   <name>m3_OFFGRID</name>
   <description>x.1b : OFFGRID vertex on m3</description>
   <categories>
   </categories>
  </category>
  <category>
   <name>m3_angle</name>
   <description>x.3a : non 45 degree angle m3</description>
   <categories>
   </categories>
  </category>
  <category>
   <name>via3_OFFGRID</name>
   <description>x.1b : OFFGRID vertex on via3</description>
   <categories>
   </categories>
  </category>
  <category>
   <name>via3_angle</name>
   <description>x.2 : non 90 degree angle via3</description>
   <categories>
   </categories>
  </category>
  <category>
   <name>nsm_OFFGRID</name>
   <description>x.1b : OFFGRID vertex on nsm</description>
   <categories>
   </categories>
  </category>
  <category>
   <name>nsm_angle</name>
   <description>x.3a : non 45 degree angle nsm</description>
   <categories>
   </categories>
  </category>
  <category>
   <name>m4_OFFGRID</name>
   <description>x.1b : OFFGRID vertex on m4</description>
   <categories>
   </categories>
  </category>
  <category>
   <name>m4_angle</name>
   <description>x.3a : non 45 degree angle m4</description>
   <categories>
   </categories>
  </category>
  <category>
   <name>via4_OFFGRID</name>
   <description>x.1b : OFFGRID vertex on via4</description>
   <categories>
   </categories>
  </category>
  <category>
   <name>via4_angle</name>
   <description>x.2 : non 90 degree angle via4</description>
   <categories>
   </categories>
  </category>
  <category>
   <name>m5_OFFGRID</name>
   <description>x.1b : OFFGRID vertex on m5</description>
   <categories>
   </categories>
  </category>
  <category>
   <name>m5_angle</name>
   <description>x.3a : non 45 degree angle m5</description>
   <categories>
   </categories>
  </category>
  <category>
   <name>pad_OFFGRID</name>
   <description>x.1b : OFFGRID vertex on pad</description>
   <categories>
   </categories>
  </category>
  <category>
   <name>pad_angle</name>
   <description>x.3a : non 45 degree angle pad</description>
   <categories>
   </categories>
  </category>
  <category>
   <name>mf_OFFGRID</name>
   <description>x.1b : OFFGRID vertex on mf</description>
   <categories>
   </categories>
  </category>
  <category>
   <name>mf_angle</name>
   <description>x.2 : non 90 degree angle mf</description>
   <categories>
   </categories>
  </category>
  <category>
   <name>hvi_OFFGRID</name>
   <description>x.1b : OFFGRID vertex on hvi</description>
   <categories>
   </categories>
  </category>
  <category>
   <name>hvi_angle</name>
   <description>x.3a : non 45 degree angle hvi</description>
   <categories>
   </categories>
  </category>
  <category>
   <name>hvntm_OFFGRID</name>
   <description>x.1b : OFFGRID vertex on hvntm</description>
   <categories>
   </categories>
  </category>
  <category>
   <name>hvntm_angle</name>
   <description>x.3a : non 45 degree angle hvntm</description>
   <categories>
   </categories>
  </category>
  <category>
   <name>vhvi_OFFGRID</name>
   <description>x.1b : OFFGRID vertex on vhvi</description>
   <categories>
   </categories>
  </category>
  <category>
   <name>vhvi_angle</name>
   <description>x.3a : non 45 degree angle vhvi</description>
   <categories>
   </categories>
  </category>
  <category>
   <name>uhvi_OFFGRID</name>
   <description>x.1b : OFFGRID vertex on uhvi</description>
   <categories>
   </categories>
  </category>
  <category>
   <name>uhvi_angle</name>
   <description>x.3a : non 45 degree angle uhvi</description>
   <categories>
   </categories>
  </category>
  <category>
   <name>pwell_rs_OFFGRID</name>
   <description>x.1b : OFFGRID vertex on pwell_rs</description>
   <categories>
   </categories>
  </category>
  <category>
   <name>pwell_rs_angle</name>
   <description>x.3a : non 45 degree angle pwell_rs</description>
   <categories>
   </categories>
  </category>
  <category>
   <name>areaid_re_OFFGRID</name>
   <description>x.1b : OFFGRID vertex on areaid.re</description>
   <categories>
   </categories>
  </category>
 </categories>
 <cells>
  <cell>
   <name>diode_biases</name>
   <variant/>
   <references>
   </references>
  </cell>
 </cells>
 <items>
 </items>
</report-database>
