<?xml version="1.0" encoding="utf-8"?>
<report-database>
 <description>Density Checks</description>
 <original-file/>
 <generator>drc: script='/foss/pdks/sky130A/libs.tech/klayout/drc/met_min_ca_density.lydrc'</generator>
 <top-cell>invbuffx1</top-cell>
 <tags>
 </tags>
 <categories>
  <category>
   <name>li1.pd.1d</name>
   <description>0.4 min li1 ca pattern density</description>
   <categories>
   </categories>
  </category>
  <category>
   <name>m1.pd.1d</name>
   <description>0.4 min m1 ca pattern density</description>
   <categories>
   </categories>
  </category>
  <category>
   <name>m2.pd.1d</name>
   <description>0.4 min m2 ca pattern density</description>
   <categories>
   </categories>
  </category>
  <category>
   <name>m3.pd.1d</name>
   <description>0.4 min m3 ca pattern density</description>
   <categories>
   </categories>
  </category>
  <category>
   <name>m4.pd.1d</name>
   <description>0.4 min m4 ca pattern density, m4 ca density is -Infinity</description>
   <categories>
   </categories>
  </category>
  <category>
   <name>m5.pd.1d</name>
   <description>0.24 min m5 ca pattern density</description>
   <categories>
   </categories>
  </category>
 </categories>
 <cells>
  <cell>
   <name>invbuffx1</name>
   <variant/>
   <references>
   </references>
  </cell>
 </cells>
 <items>
 </items>
</report-database>
